peptide_id	peptide_seq	apparent_value	apparent_energy	source_file	bg	design_source	n_reads_total
bh3_0000	GQAAAQIVAQLIRMADDVEAQY	7.232912278033646	-10.406674348320536	f100.csv	P	m_p	160
bh3_0001	GQAACQIIAQLKRMADDIDAQY	5.350544916748244	-10.842794354754323	f100.csv	P	m_p	410
bh3_0002	GQAARHIVAQLIRMADDVEAQY	8.775055453620237	-10.04937985549668	f100.csv	P	m_p	1538
bh3_0003	GQAAYDVIAQLRRMADDFEAQY	10.885667208161683	-9.560378595221279	f100.csv	P	m_p	538
bh3_0004	GQAAYHIGAQLRRMADDFQAQY	4.975653952306845	-10.929651709586754	f100.csv	P	m_p	1015
bh3_0005	GQGACEIIAQLRRMADDSNAQY	4.747081958522737	-10.982608864204881	f100.csv	P	m_p	603
bh3_0006	GQGACQISAQLVRMADDLEAQY	2.1718874018801624	-11.57924791017957	f100.csv	P	m_p	162
bh3_0007	GQGADHVTAQLKRMADDHNAQY	9.437614981825725	-9.89587344030553	f100.csv	P	m_p	498
bh3_0008	GQGAREVGAQLGRMADDFEAQY	10.960562954010742	-9.5430262261602	f100.csv	P	m_p	486
bh3_0009	GQGASEIGAQLKRMADDFQAQY	10.679015483890177	-9.608257108827305	f100.csv	P	m_p	492
bh3_0010	GQPAAHAIAQLIRMADDLKAQY	10.061856265251071	-9.751244863470353	f100.csv	P	m_p	424
bh3_0011	GQPACHVIAQLERMADDINAQY	8.846657494939436	-10.032790594886318	f100.csv	P	m_p	413
bh3_0012	GQPACQVIAQLRRMADDIHAQY	4.7387518312326815	-10.984538846227547	f100.csv	P	m_p	1320
bh3_0013	GQPAFEATAQLERMADDYEAQY	10.03159740642706	-9.75825544704528	f100.csv	P	m_p	758
bh3_0014	GQPAGHATAQLTRMADDYEAQY	7.9629940561718575	-10.23752390705842	f100.csv	P	m_p	362
bh3_0015	GQPASEIAAQLVRMADDAQAQY	9.937089119008638	-9.780151786604007	f100.csv	P	m_p	888
bh3_0016	GQPAYQVIAQLGRMADDIQAQY	9.833391871577508	-9.804177088543979	f100.csv	P	m_p	933
bh3_0017	GQRACQAIAQLVRMADDFDAQY	4.437047455302193	-11.054439821498418	f100.csv	P	m_p	117
bh3_0018	GQRADHIIAQLVRMADDFKAQY	9.793066829803696	-9.81351987563195	f100.csv	P	m_p	297
bh3_0019	GQSACDIGAQLIRMADDVQAQY	4.181518639463763	-11.113642520769284	f100.csv	P	m_p	2926
bh3_0020	GQSACEAIAQLIRMADDLNAQY	2.8024822157495253	-11.43314730307277	f100.csv	P	m_p	126
bh3_0021	GQSACEVAAQLGRMADDVNAQY	4.155604299936333	-11.119646535795189	f100.csv	P	m_p	281
bh3_0022	GQSACHIAAQLTRMADDYDAQY	3.4422336872866	-11.284925217617438	f100.csv	P	m_p	242
bh3_0023	GQSACQIAAQLKRMADDIDAQY	4.9739815733821	-10.930039178006798	f100.csv	P	m_p	422
bh3_0024	GQSADDIVAQLVRMADDYNAQY	10.291395090763324	-9.698063706530377	f100.csv	P	m_p	134
bh3_0025	GQSAFDVIAQLIRMADDVHAQY	10.787662359539231	-9.583085042480638	f100.csv	P	m_p	142
bh3_0026	GQSAGDVVAQLGRMADDHQAQY	8.688212365516728	-10.069500268186246	f100.csv	P	m_p	292
bh3_0027	GQSALHIIAQLARMADDYQAQY	10.86744462484238	-9.564600530491676	f100.csv	P	m_p	178
bh3_0028	GQSALQIAAQLIRMADDTQAQY	10.460304164851415	-9.658929673507343	f100.csv	P	m_p	826
bh3_0029	GQSASDTAAQLRRMADDVDAQY	10.865362147151275	-9.5650830134558	f100.csv	P	m_p	747
bh3_0030	GQTACHIIAQLKRMADDIDAQY	7.6439695349004655	-10.311437734471156	f100.csv	P	m_p	589
bh3_0031	GQTACQIVAQLKRMADDIQAQY	5.555454270637235	-10.795319525677714	f100.csv	P	m_p	210
bh3_0032	GQTADHISAQLVRMADDVNAQY	10.316366601665765	-9.692278132619874	f100.csv	P	m_p	300
bh3_0033	GQTARDIAAQLGRMADDIEAQY	5.110474493147654	-10.898415545834556	f100.csv	P	m_p	255
bh3_0034	GQWAADVVAQLRRMADDLQAQY	8.427873979854272	-10.129817282157706	f100.csv	P	m_p	602
bh3_0035	GQWAAQVVAQLKRMADDLQAQY	7.911530798972056	-10.24944727362474	f100.csv	P	m_p	1070
bh3_0036	GQWACDAGAQLGRMADDYEAQY	5.759511860806741	-10.748042039163701	f100.csv	P	m_p	869
bh3_0037	GQWACDIIAQLGRMADDIHAQY	4.453332262473845	-11.050666843728752	f100.csv	P	m_p	2836
bh3_0038	GQWACDIIAQLIRMADDYEAQY	3.154691117133521	-11.351545086897108	f100.csv	P	m_p	551
bh3_0039	GQWACDVIAQLKRMADDVDAQY	4.120134222644106	-11.127864490831517	f100.csv	P	m_p	699
bh3_0040	GQWACEAGAQLRRMADDTDAQY	2.914493700451746	-11.407195700620615	f100.csv	P	m_p	390
bh3_0041	GQWACHISAQLARMADDVKAQY	7.710804449825955	-10.29595295497126	f100.csv	P	m_p	692
bh3_0042	GQWACQIVAQLIRMADDSNAQY	6.686315128220797	-10.533313790437873	f100.csv	P	m_p	3929
bh3_0043	GQWACQTAAQLRRMADDIEAQY	1.9314186335624721	-11.634961392543724	f100.csv	P	m_p	169
bh3_0044	GQWADEIGAQLGRMADDFEAQY	4.746345218544668	-10.982779557264367	f100.csv	P	m_p	232
bh3_0045	GQWADEVIAQLTRMADDIQAQY	10.329487479579655	-9.689238196060245	f100.csv	P	m_p	894
bh3_0046	GQWADHIIAQLRRMADDFHAQY	10.093531419819604	-9.743906142613662	f100.csv	P	m_p	779
bh3_0047	GQWAFDIGAQLGRMADDVEAQY	7.723011329163085	-10.293124779980268	f100.csv	P	m_p	189
bh3_0048	GQWAFDIIAQLVRMADDVHAQY	10.32967006209745	-9.689195894068364	f100.csv	P	m_p	2612
bh3_0049	GQWAFQIIAQLRRMADDDEAQY	8.252252938779593	-10.170506390531905	f100.csv	P	m_p	466
bh3_0050	GQWAFQITAQLIRMADDIDAQY	10.347855649126169	-9.68498253035675	f100.csv	P	m_p	265
bh3_0051	GQWAFQVSAQLRRMADDLEAQY	2.963907015053724	-11.395747279060961	f100.csv	P	m_p	174
bh3_0052	GQWAGQIGAQLTRMADDFQAQY	11.16896477155131	-9.494742238732506	f100.csv	P	m_p	102
bh3_0053	GQWALDITAQLRRMADDLDAQY	7.476656194148533	-10.350202056858983	f100.csv	P	m_p	496
bh3_0054	GQWALDVGAQLVRMADDFDAQY	10.395076270569733	-9.674042127249828	f100.csv	P	m_p	235
bh3_0055	GQWALHISAQLTRMADDFKAQY	11.04096666317666	-9.524397733720342	f100.csv	P	m_p	195
bh3_0056	GQWALHVAAQLIRMADDVNAQY	7.721786165215733	-10.293408634513444	f100.csv	P	m_p	1003
bh3_0057	GQWALQIIAQLIRMADDHDAQY	11.006022798553795	-9.532493772133236	f100.csv	P	m_p	445
bh3_0058	GQWAREIAADLRRIADIFNAQI	2.3838955278078346	-11.530128388057992	f100.csv	P	f_p	607
bh3_0059	GQWAREICADLRRSADNINAQI	9.597081705159708	-9.858927076999008	f100.csv	P	f_p	586
bh3_0060	GQWAREICAHLRRAADISNAQI	10.408515201962269	-9.67092850184072	f100.csv	P	f_p	669
bh3_0061	GQWAREICALLRRIADMFNAQF	4.996518667660375	-10.92481762672845	f100.csv	P	f_p	2305
bh3_0062	GQWAREICASLRRIADNSNAQF	8.953956791625686	-10.007930745037886	f100.csv	P	f_p	2355
bh3_0063	GQWAREICAYLRRAADKINAQA	5.502680256450357	-10.807546577569967	f100.csv	P	f_p	212
bh3_0064	GQWAREICAYLRRLADMINAQA	5.304625165356507	-10.853433363209467	f100.csv	P	f_p	4868
bh3_0065	GQWAREIDAVLRRIADLVNAQS	9.682115212784563	-9.839225920542962	f100.csv	P	f_p	1338
bh3_0066	GQWAREIGACLRRVADVDNAQV	7.317095161403369	-10.387170270428031	f100.csv	P	f_p	539
bh3_0067	GQWAREIGAYLRRLADNYNAQV	3.0283295432185358	-11.38082141816071	f100.csv	P	f_p	508
bh3_0068	GQWAREIYACLRRGADHVNAQI	7.162062000816154	-10.423089434977598	f100.csv	P	f_p	845
bh3_0069	GQWAREIYACLRRLADVLNAQL	6.914807538005742	-10.48037507439605	f100.csv	P	f_p	2474
bh3_0070	GQWAREIYAFLRRFADVYNAQP	10.318620453202264	-9.69175594456731	f100.csv	P	f_p	792
bh3_0071	GQWAREIYAILRRLADHFNAQL	9.475656063611373	-9.887059817006318	f100.csv	P	f_p	749
bh3_0072	GQWARHIAAQLIRMADDVEAQY	5.201810066164016	-10.877254282889407	f100.csv	P	m_p	2863
bh3_0073	GQWASDIGAQLARMADDTDAQY	8.083112536530695	-10.209694019277567	f100.csv	P	m_p	1239
bh3_0074	GQWASQIIAQLARMADDIDAQY	11.160265462581117	-9.496757755343173	f100.csv	P	m_p	152
bh3_0075	GQWAVDISAQLIRMADDVDAQY	8.600852033984088	-10.089740519443076	f100.csv	P	m_p	1601
bh3_0076	GQWAVHVIAQLGRMADDVQAQY	9.852196589797867	-9.799820280197254	f100.csv	P	m_p	196
bh3_0077	GQWAVQIGAQLIRMADDIEAQY	4.516086584388876	-11.036127484494092	f100.csv	P	m_p	308
bh3_0078	GQWAYDISAQLVRMADDFHAQY	10.92797234960349	-9.550577044824026	f100.csv	P	m_p	360
bh3_0079	GQWAYDIVAQLERMADDFNAQY	10.33645217706717	-9.687624566342937	f100.csv	P	m_p	707
bh3_0080	GQWAYEIAAQLGRMADDAHAQY	10.097187373248236	-9.743059105810108	f100.csv	P	m_p	797
bh3_0081	GQWAYEVIAQLVRMADDLEAQY	6.716172619243293	-10.526396198556162	f100.csv	P	m_p	1099
bh3_0082	GQWAYHVAAQLTRMADDFNAQY	8.954128189644457	-10.007891034348788	f100.csv	P	m_p	361
bh3_0083	GQWDREVGAQLGRFADDLNEQT	9.399280230661804	-9.904755102975686	f100.csv	P	x_p	455
bh3_0084	GQWDREVGAQLRRAGDDLNTQG	4.928535796436166	-10.940568372754688	f100.csv	P	x_p	3109
bh3_0085	GQWEREDGAQLIRFGDDLHEQS	9.66634750362312	-9.842879093437034	f100.csv	P	x_p	176
bh3_0086	GQWEREFGAQLTRVGDDLNKQC	10.542581510648695	-9.639867083857489	f100.csv	P	x_p	494
bh3_0087	GQWEREIAADLRRSADEYNAQF	10.718880671701386	-9.599020863914497	f100.csv	P	f_p	607
bh3_0088	GQWEREIAAFLRRSADDVNAQA	9.986689146013587	-9.768660106211852	f100.csv	P	f_p	508
bh3_0089	GQWEREIAAHLRRCADMFNAQA	7.236501885855624	-10.405842682930126	f100.csv	P	f_p	426
bh3_0090	GQWEREIAALLRRIADLYNAQI	3.279775089254581	-11.322564759332913	f100.csv	P	f_p	630
bh3_0091	GQWEREIAAVLRRAADVVNAQL	9.04982416746025	-9.985719522390458	f100.csv	P	f_p	869
bh3_0092	GQWEREICAFLRRFADEVNAQF	5.173270265589113	-10.883866583052669	f100.csv	P	f_p	1656
bh3_0093	GQWEREICAFLRRIADDVNAQI	4.329052545628114	-11.079460835818233	f100.csv	P	f_p	224
bh3_0094	GQWEREICAHLRRFADIVNAQF	7.7411945872365004	-10.288911955857271	f100.csv	P	f_p	391
bh3_0095	GQWEREICALLRRLADHDNAQP	8.527976318154955	-10.106624873852285	f100.csv	P	f_p	2363
bh3_0096	GQWEREICASLRRSADEVNAQT	10.286988903548107	-9.699084562733141	f100.csv	P	f_p	500
bh3_0097	GQWEREICAVLRRSADVYNAQV	9.861639925793845	-9.797632382213031	f100.csv	P	f_p	573
bh3_0098	GQWEREICAYLRRFADIFNAQI	7.0497182491565304	-10.449118019357183	f100.csv	P	f_p	782
bh3_0099	GQWEREIGACLRRCADVINAQT	4.707398289373493	-10.99180305360735	f100.csv	P	f_p	1444
bh3_0100	GQWEREIGACLRRFADKPNAQP	7.394164373955123	-10.369314337433652	f100.csv	P	f_p	503
bh3_0101	GQWEREIGAFLRRFADIINAQV	5.4260585535102255	-10.825298828414562	f100.csv	P	f_p	196
bh3_0102	GQWEREIGAILRRIADKFNAQF	3.891869576441771	-11.180750437017062	f100.csv	P	f_p	456
bh3_0103	GQWEREIGAQLIRFGDDLITQY	7.37153947544191	-10.374556231809896	f100.csv	P	x_p	111
bh3_0104	GQWEREIGAVLRRLADLLNAQA	3.964880395562047	-11.16383478093454	f100.csv	P	f_p	196
bh3_0105	GQWEREIGAYLRRAADNVNAQF	7.76554161598455	-10.28327106633027	f100.csv	P	f_p	240
bh3_0106	GQWEREISACLRRIADVVNAQF	6.839233025461613	-10.497884704861843	f100.csv	P	f_p	3546
bh3_0107	GQWEREISAGLRRIADVYNAQI	8.311882661405093	-10.156690960265776	f100.csv	P	f_p	1342
bh3_0108	GQWEREISAYLRRLADHLNAQV	3.365071269164936	-11.302802745128693	f100.csv	P	f_p	684
bh3_0109	GQWEREIYACLRRIADVFNAQL	7.791518696556908	-10.277252515021237	f100.csv	P	f_p	835
bh3_0110	GQWEREIYAFLRRFADEYNAQV	7.78199107366103	-10.279459941182626	f100.csv	P	f_p	1398
bh3_0111	GQWEREIYASLRRFADKINAQF	10.596680179458538	-9.627333126738035	f100.csv	P	f_p	183
bh3_0112	GQWEREIYAYLRRIADNFNAQF	8.58498258558849	-10.09341726399291	f100.csv	P	f_p	469
bh3_0113	GQWEREIYAYLRRTADEFNAQF	9.98101648280735	-9.769974388410366	f100.csv	P	f_p	1095
bh3_0114	GQWERELGAQLRRSGDDLDTQC	4.468492451745362	-11.047154425282379	f100.csv	P	x_p	2287
bh3_0115	GQWHREFGAQLVRTGDDLVTQY	9.627125419497986	-9.85196633959993	f100.csv	P	x_p	2287
bh3_0116	GQWIREFGAQLARTGDDLVKQS	4.303320983163821	-11.085422503778634	f100.csv	P	x_p	1191
bh3_0117	GQWIREFGAQLARVADDLIAQY	3.434048028409898	-11.28682172818992	f100.csv	P	x_p	1194
bh3_0118	GQWIREHGAQLVRSADDLNTQC	9.704955374802182	-9.833934152415793	f100.csv	P	x_p	603
bh3_0119	GQWIREIAACLRRFADEVNAQF	1.9589973863054735	-11.628571754648867	f100.csv	P	f_p	101
bh3_0120	GQWIREIAACLRRVADQYNAQA	3.6755912592044733	-11.230859306860943	f100.csv	P	f_p	389
bh3_0121	GQWIREIAADLRRAADEHNAQV	5.714000235482123	-10.758586490123493	f100.csv	P	f_p	264
bh3_0122	GQWIREIAAILRRCADLINAQL	2.5191536274246706	-11.498790847635046	f100.csv	P	f_p	248
bh3_0123	GQWIREICADLRRIADMFNAQS	4.2595331322402545	-11.095567578655764	f100.csv	P	f_p	863
bh3_0124	GQWIREICADLRRSADLINAQL	8.0804478619115	-10.210311389688874	f100.csv	P	f_p	832
bh3_0125	GQWIREICAFLRRFADITNAQV	7.681595005419942	-10.302720402890447	f100.csv	P	f_p	2584
bh3_0126	GQWIREICAFLRRGADLLNAQI	6.7400052908868116	-10.5208744788726	f100.csv	P	f_p	535
bh3_0127	GQWIREICAFLRRTADILNAQI	3.873986953679096	-11.184893607853272	f100.csv	P	f_p	531
bh3_0128	GQWIREICAILRRSADVVNAQA	7.641977674198035	-10.311899222658969	f100.csv	P	f_p	814
bh3_0129	GQWIREICAILRRTADVVNAQS	7.33947316218114	-10.38198557904212	f100.csv	P	f_p	342
bh3_0130	GQWIREICANLRRIADNVNAQA	4.449653143556111	-11.051519247674483	f100.csv	P	f_p	231
bh3_0131	GQWIREICARLRRSADHSNAQL	9.152530535956746	-9.961923794196947	f100.csv	P	f_p	1282
bh3_0132	GQWIREICASLRRFADNNNAQT	7.684420260996545	-10.302065827962307	f100.csv	P	f_p	617
bh3_0133	GQWIREICASLRRLADLYNAQL	7.50605502081799	-10.34339073153539	f100.csv	P	f_p	3262
bh3_0134	GQWIREICAVLRRIADNFNAQF	4.485376395319209	-11.043242635409957	f100.csv	P	f_p	1047
bh3_0135	GQWIREICAYLRRFADLLNAQF	5.042115339849554	-10.914253471517574	f100.csv	P	f_p	2469
bh3_0136	GQWIREIDAHLRRCADVINAQV	10.170841365308158	-9.72599443493252	f100.csv	P	f_p	472
bh3_0137	GQWIREIDANLRRCADLVNAQV	9.816068728358921	-9.808190635255064	f100.csv	P	f_p	347
bh3_0138	GQWIREIGAFLRRIADLLNAQL	2.985352560159701	-11.390778625512269	f100.csv	P	f_p	122
bh3_0139	GQWIREIGAFLRRVADKFNAQP	7.954722240384537	-10.239440379065204	f100.csv	P	f_p	1028
bh3_0140	GQWIREIGAGLRRLADMNNAQI	4.950186509264279	-10.93555218451636	f100.csv	P	f_p	1919
bh3_0141	GQWIREIGALLRRIADMFNAQF	2.2009171050952627	-11.572522105953823	f100.csv	P	f_p	382
bh3_0142	GQWIREIGALLRRIADVLNAQL	2.4152386844507063	-11.52286658679758	f100.csv	P	f_p	148
bh3_0143	GQWIREIGAQLARHGDDLLEQG	4.461721017001805	-11.048723278538477	f100.csv	P	x_p	1056
bh3_0144	GQWIREIGAQLIRCADDLPTQC	9.456407264247208	-9.891519513171474	f100.csv	P	x_p	418
bh3_0145	GQWIREIGAQLIRFADDLIAQP	9.280047593911172	-9.932379752327497	f100.csv	P	x_p	1215
bh3_0146	GQWIREIGASLRRIADLPNAQT	9.474645666350856	-9.887293912894728	f100.csv	P	f_p	2990
bh3_0147	GQWIREISACLRRIADDYNAQF	2.8888106248092074	-11.413146134815786	f100.csv	P	f_p	390
bh3_0148	GQWIREISACLRRIADLYNAQV	2.786934702907669	-11.436749459346874	f100.csv	P	f_p	101
bh3_0149	GQWIREISACLRRLADDPNAQP	6.776566785708629	-10.512403656606518	f100.csv	P	f_p	236
bh3_0150	GQWIREISAFLRRCADVTNAQI	9.58393609564833	-9.861972743547733	f100.csv	P	f_p	1256
bh3_0151	GQWIREISAFLRRGADKYNAQS	10.438914112863356	-9.663885470023216	f100.csv	P	f_p	386
bh3_0152	GQWIREISAFLRRIADVFNAQF	3.2033143806162685	-11.340279709894158	f100.csv	P	f_p	192
bh3_0153	GQWIREISAGLRRLADEDNAQV	10.136793661064171	-9.733882844654948	f100.csv	P	f_p	254
bh3_0154	GQWIREISAHLRRAADNLNAQV	7.074612778084256	-10.443350281167803	f100.csv	P	f_p	632
bh3_0155	GQWIREISALLRRFADVLNAQV	3.3078185859419547	-11.316067446317788	f100.csv	P	f_p	491
bh3_0156	GQWIREIYADLRRVADMINAQP	6.741061965103064	-10.520629661216137	f100.csv	P	f_p	1699
bh3_0157	GQWIREIYAFLRRCADVVNAQF	9.268879633359902	-9.934967223364048	f100.csv	P	f_p	263
bh3_0158	GQWIREIYAILRRFADDFNAQF	6.827852778271746	-10.500521359948273	f100.csv	P	f_p	1535
bh3_0159	GQWIREIYASLRRVADNYNAQF	9.029879568110404	-9.990340426351963	f100.csv	P	f_p	573
bh3_0160	GQWIRELGAQLARAADDLHKQT	7.352551489154657	-10.3789555009813	f100.csv	P	x_p	715
bh3_0161	GQWIRELGAQLARGGDDLDKQG	6.500596313484611	-10.576342421481662	f100.csv	P	x_p	1568
bh3_0162	GQWIRELGAQLARSGDDLTKQH	2.786518821661369	-11.436845813616259	f100.csv	P	x_p	236
bh3_0163	GQWIRELGAQLIRIADDLVKQP	7.999795835144496	-10.228997414083446	f100.csv	P	x_p	335
bh3_0164	GQWIREVGAQLRRYGDDLPTQS	7.41703957474131	-10.364014451280061	f100.csv	P	x_p	1256
bh3_0165	GQWKREFGAQLTRSADDLVEQT	9.701634789991274	-9.83470348867761	f100.csv	P	x_p	487
bh3_0166	GQWKREICANLRRFADHSNAQF	7.891042001520618	-10.25419426120013	f100.csv	P	f_p	1488
bh3_0167	GQWKREICAYLRRIADILNAQF	7.422705299539098	-10.362701776620437	f100.csv	P	f_p	2466
bh3_0168	GQWKREISAYLRRIADVDNAQT	8.561151170537823	-10.09893869254027	f100.csv	P	f_p	165
bh3_0169	GQWKREIYAILRRVADVLNAQI	9.227333339026574	-9.944592958767565	f100.csv	P	f_p	467
bh3_0170	GQWKREIYAYLRRIADVLNAQT	9.248873188732048	-9.939602456071151	f100.csv	P	f_p	553
bh3_0171	GQWLREFGAQLARCGDDLNKQS	3.9067638245311596	-11.177299633679645	f100.csv	P	x_p	142
bh3_0172	GQWLREFGAQLARTGDDLNKQS	4.688078147232229	-10.996279278964975	f100.csv	P	x_p	191
bh3_0173	GQWLREFGAQLGRIADDLDKQS	6.934136337403928	-10.475896843264728	f100.csv	P	x_p	627
bh3_0174	GQWLREFGAQLRRVGDDLVTQS	5.05648209737982	-10.910924880874006	f100.csv	P	x_p	1064
bh3_0175	GQWLREFGAQLVRCGDDLIEQS	10.51376050258878	-9.646544536133295	f100.csv	P	x_p	1290
bh3_0176	GQWLREFGAQLVRIADDLITQH	8.575226894953945	-10.095677530479573	f100.csv	P	x_p	714
bh3_0177	GQWLREIAACLRRAADMFNAQF	3.226068351015486	-11.33500791124263	f100.csv	P	f_p	115
bh3_0178	GQWLREIAAFLRRSADLLNAQL	2.985022704604487	-11.39085504874921	f100.csv	P	f_p	172
bh3_0179	GQWLREIAAGLRRGADEVNAQA	3.5105830981251542	-11.269089549135437	f100.csv	P	f_p	261
bh3_0180	GQWLREIAANLRRAADKINAQV	2.7653578862209414	-11.441748526811478	f100.csv	P	f_p	135
bh3_0181	GQWLREIAAYLRRAADVANAQI	5.508691312303703	-10.806153894201485	f100.csv	P	f_p	687
bh3_0182	GQWLREIAAYLRRIADIYNAQA	2.4222184046755073	-11.521249476507657	f100.csv	P	f_p	121
bh3_0183	GQWLREIAAYLRRVADVLNAQS	3.079356361048033	-11.368999168913412	f100.csv	P	f_p	1042
bh3_0184	GQWLREICAILRRLADDVNAQF	3.5141161017912017	-11.268270998190888	f100.csv	P	f_p	3859
bh3_0185	GQWLREICAVLRRAADLFNAQI	4.5687399952429395	-11.023928374823619	f100.csv	P	f_p	1284
bh3_0186	GQWLREICAVLRRGADMVNAQS	6.895946289184941	-10.484744980146786	f100.csv	P	f_p	187
bh3_0187	GQWLREICAVLRRGADVFNAQV	6.178393830659973	-10.650992541204579	f100.csv	P	f_p	532
bh3_0188	GQWLREICAYLRRTADDPNAQA	6.751492120970529	-10.518213129917529	f100.csv	P	f_p	1797
bh3_0189	GQWLREICAYLRRTADILNAQF	3.7852681417636633	-11.205448601325394	f100.csv	P	f_p	694
bh3_0190	GQWLREIDACLRRVADDINAQF	8.460413104569918	-10.122278390668084	f100.csv	P	f_p	1044
bh3_0191	GQWLREIGACLRRSADHSNAQS	8.04134361541086	-10.219371334408592	f100.csv	P	f_p	3247
bh3_0192	GQWLREIGAFLRRFADEVNAQF	4.192203599443218	-11.11116695467585	f100.csv	P	f_p	860
bh3_0193	GQWLREIGAGLRRVADMVNAQL	3.338677113537857	-11.308917927296978	f100.csv	P	f_p	300
bh3_0194	GQWLREIGANLRRAADVHNAQA	8.245935780218156	-10.171969993911947	f100.csv	P	f_p	761
bh3_0195	GQWLREIGAQLARYADDLDTQS	6.640883414429323	-10.543839726936	f100.csv	P	x_p	207
bh3_0196	GQWLREIGAQLGRLGDDLIAQA	3.3175262988029686	-11.31381829565651	f100.csv	P	x_p	127
bh3_0197	GQWLREIGAQLIRIGDDLLAQP	9.537434938465669	-9.87274645615388	f100.csv	P	x_p	3784
bh3_0198	GQWLREIGAQLRRIADDLIEQC	3.1913893664665562	-11.34304258039152	f100.csv	P	x_p	245
bh3_0199	GQWLREIGAQLRRYGDDLLKQC	2.7315215017751586	-11.449587976488354	f100.csv	P	x_p	1453
bh3_0200	GQWLREIGAQLVRAADDLHTQC	9.687135666418584	-9.838062746809607	f100.csv	P	x_p	633
bh3_0201	GQWLREIGAQLVRIADDLITQH	8.191798781132608	-10.184512831657164	f100.csv	P	x_p	352
bh3_0202	GQWLREIGAYLRRAADELNAQT	3.372013776499355	-11.301194256580906	f100.csv	P	f_p	289
bh3_0203	GQWLREIGAYLRRLADEANAQV	4.0599535213762605	-11.14180757567453	f100.csv	P	f_p	129
bh3_0204	GQWLREISACLRRIADQYNAQL	3.133630431436865	-11.356424573532093	f100.csv	P	f_p	681
bh3_0205	GQWLREISAGLRRVADEYNAQS	4.233938981832738	-11.101497410031916	f100.csv	P	f_p	358
bh3_0206	GQWLREISARLRRLADLVNAQI	7.0473215116344425	-10.449673312232022	f100.csv	P	f_p	369
bh3_0207	GQWLREISAYLRRLADVYNAQA	4.2514778714430825	-11.097433877691193	f100.csv	P	f_p	683
bh3_0208	GQWLREIYACLRRLADDDNAQS	8.719674266918341	-10.062210955311462	f100.csv	P	f_p	291
bh3_0209	GQWLREIYAFLRRAADNHNAQT	9.681666291521749	-9.839329929753944	f100.csv	P	f_p	1415
bh3_0210	GQWLREIYAFLRRVADHFNAQL	9.018361713978779	-9.993008963174956	f100.csv	P	f_p	430
bh3_0211	GQWLREIYANLRRIADVDNAQF	10.566674527341894	-9.634285045615988	f100.csv	P	f_p	310
bh3_0212	GQWLRELGAQLGRIADDLTKQH	7.416473755313337	-10.364145544273727	f100.csv	P	x_p	1245
bh3_0213	GQWLRELGAQLIRIADDLDEQS	9.657109836901295	-9.84501934052855	f100.csv	P	x_p	962
bh3_0214	GQWLRELGAQLIRVGDDLVTQT	10.064112554146721	-9.750722110713411	f100.csv	P	x_p	141
bh3_0215	GQWLRELGAQLVRTGDDLITQN	9.685530773696861	-9.83843457955518	f100.csv	P	x_p	246
bh3_0216	GQWLRENGAQLGRFADDLPEQR	9.703539363537482	-9.834262223787286	f100.csv	P	x_p	435
bh3_0217	GQWLREVGAQLIRCGDDLTAQG	7.835785678407238	-10.26699643174736	f100.csv	P	x_p	765
bh3_0218	GQWLREVGAQLIRIGDDLNTQS	7.818672231882362	-10.270961394465072	f100.csv	P	x_p	603
bh3_0219	GQWLREYGAQLARYADDLNAQA	10.738799466953395	-9.594405938426451	f100.csv	P	x_p	550
bh3_0220	GQWMREFGAQLARIGDDLVKQS	2.0406873092574287	-11.609645263223168	f100.csv	P	x_p	536
bh3_0221	GQWMREFGAQLARLGDDLAEQT	3.9463811752842526	-11.168120809386	f100.csv	P	x_p	273
bh3_0222	GQWMREFGAQLRRLADDLDAQY	2.1908932061475213	-11.57484451281419	f100.csv	P	x_p	256
bh3_0223	GQWMREFGAQLRRLADDLVTQR	7.572868574086985	-10.327910901253142	f100.csv	P	x_p	2465
bh3_0224	GQWMREFGAQLRRYADDLLAQT	7.666319707322536	-10.306259490552895	f100.csv	P	x_p	1049
bh3_0225	GQWMREHGAQLGRVADDLITQC	10.166007699490333	-9.727114332361113	f100.csv	P	x_p	637
bh3_0226	GQWMREHGAQLRRIADDLNKQG	10.478609465561338	-9.654688573694642	f100.csv	P	x_p	385
bh3_0227	GQWMREIGAQLARAGDDLVKQS	2.9700282519715135	-11.394329068174567	f100.csv	P	x_p	1353
bh3_0228	GQWMRELGAQLIRFGDDLVAQY	6.74599979238736	-10.519485630932099	f100.csv	P	x_p	808
bh3_0229	GQWMRELGAQLVRIADDLAKQA	8.736439204641654	-10.058326737544979	f100.csv	P	x_p	2057
bh3_0230	GQWMREVGAQLRRAGDDLITQP	7.014628079016901	-10.4572479548532	f100.csv	P	x_p	667
bh3_0231	GQWMREVGAQLRRIGDDLIKQS	2.3674784645638622	-11.533932007837448	f100.csv	P	x_p	280
bh3_0232	GQWMREVGAQLVRTGDDLDKQN	10.468298581445547	-9.657077471281479	f100.csv	P	x_p	379
bh3_0233	GQWMREYGAQLVRCGDDLTKQY	9.078951887892243	-9.978971008851884	f100.csv	P	x_p	509
bh3_0234	GQWNREFGAQLGRVGDDLIAQN	10.21979495852454	-9.714652524831664	f100.csv	P	x_p	733
bh3_0235	GQWNREFGAQLIRIADDLTAQC	10.23209021206914	-9.711803874687565	f100.csv	P	x_p	404
bh3_0236	GQWNREFGAQLRRAADDLAEQY	10.69269121306968	-9.60508862045441	f100.csv	P	x_p	1321
bh3_0237	GQWNREFGAQLVRIGDDLNTQS	11.367218553899354	-9.44880941891666	f100.csv	P	x_p	269
bh3_0238	GQWNREYGAQLGRVADDLITQY	8.775966010510826	-10.049168891321912	f100.csv	P	x_p	1283
bh3_0239	GQWNREYGAQLIRAADDLITQS	9.838368593202377	-9.80302404694769	f100.csv	P	x_p	779
bh3_0240	GQWNREYGAQLIRIADDLIEQN	10.530575146243276	-9.6426488021498	f100.csv	P	x_p	585
bh3_0241	GQWNREYGAQLIRTGDDLVAQD	9.36345668177872	-9.913054952776898	f100.csv	P	x_p	1066
bh3_0242	GQWQREFGAQLTRAADDLNEQR	9.69715852115443	-9.83574058187954	f100.csv	P	x_p	134
bh3_0243	GQWQREICAFLRRTADVFNAQV	8.796810912235904	-10.044339399023318	f100.csv	P	f_p	2021
bh3_0244	GQWQREICAGLRRAADHHNAQP	10.20465506491287	-9.718160241037932	f100.csv	P	f_p	478
bh3_0245	GQWQREIGAILRRIADNVNAQF	3.825606167387702	-11.196102806048392	f100.csv	P	f_p	597
bh3_0246	GQWQREIGALLRRSADNINAQF	8.835472768052176	-10.035381950464595	f100.csv	P	f_p	190
bh3_0247	GQWQREIGAQLARLGDDLVAQS	3.078207360754859	-11.369265377319676	f100.csv	P	x_p	462
bh3_0248	GQWQREIGAYLRRIADVINAQF	3.978740891767296	-11.160623484447715	f100.csv	P	f_p	588
bh3_0249	GQWQREIYAYLRRTADEVNAQF	8.558761516270692	-10.099492344317172	f100.csv	P	f_p	2282
bh3_0250	GQWQRELGAQLIRLGDDLVKQS	8.683963484275539	-10.070484678643183	f100.csv	P	x_p	1761
bh3_0251	GQWQRELGAQLIRYGDDLHAQG	9.860268084661715	-9.797950219939969	f100.csv	P	x_p	534
bh3_0252	GQWQRELGAQLVRYGDDLLAQH	9.012359981147927	-9.994399486520525	f100.csv	P	x_p	1574
bh3_0253	GQWQREVGAQLIRFGDDLNEQS	8.31851961960765	-10.155153263473146	f100.csv	P	x_p	419
bh3_0254	GQWQREVGAQLVRYGDDLITQC	10.160174618279376	-9.728465781322443	f100.csv	P	x_p	323
bh3_0255	GQWTREIAACLRRFADLTNAQI	4.2766196416745705	-11.091608856911176	f100.csv	P	f_p	504
bh3_0256	GQWTREIAACLRRVADLINAQA	1.975900782513984	-11.624655457854296	f100.csv	P	f_p	1248
bh3_0257	GQWTREIAAFLRRLADQYNAQV	3.156977052437795	-11.351015465453328	f100.csv	P	f_p	1561
bh3_0258	GQWTREIAAFLRRPADVDNAQS	10.213360178464404	-9.71614337958135	f100.csv	P	f_p	370
bh3_0259	GQWTREIAAILRRIADDYNAQV	3.1279592603055537	-11.357738510036276	f100.csv	P	f_p	283
bh3_0260	GQWTREIAALLRRLADIVNAQI	2.4066930270590574	-11.524846504338267	f100.csv	P	f_p	547
bh3_0261	GQWTREICAILRRTADIINAQT	8.937573927084316	-10.011726441423264	f100.csv	P	f_p	141
bh3_0262	GQWTREICASLRRSADVVNAQF	10.06843889349694	-9.749719754221232	f100.csv	P	f_p	1150
bh3_0263	GQWTREICAYLRRVADVANAQA	9.925278445592786	-9.782888165842218	f100.csv	P	f_p	236
bh3_0264	GQWTREIDAFLRRFADVINAQF	10.966551290533268	-9.54163880656483	f100.csv	P	f_p	399
bh3_0265	GQWTREISACLRRFADNDNAQP	9.086727250938676	-9.977169558480625	f100.csv	P	f_p	350
bh3_0266	GQWTREISADLRRIADLFNAQS	8.809719619891435	-10.041348619549785	f100.csv	P	f_p	649
bh3_0267	GQWTREISAFLRRLADDSNAQA	7.498529160988539	-10.345134375260171	f100.csv	P	f_p	183
bh3_0268	GQWTREISAILRRCADLLNAQI	7.939498550491586	-10.242967509778692	f100.csv	P	f_p	1109
bh3_0269	GQWTREIYAFLRRLADKVNAQV	7.75171965238684	-10.28647343531368	f100.csv	P	f_p	288
bh3_0270	GQWTREIYAILRRIADHNNAQV	9.558763223530285	-9.867804970229873	f100.csv	P	f_p	1201
bh3_0271	GQWTREIYASLRRGADLLNAQP	9.38546789604635	-9.90795524104929	f100.csv	P	f_p	1384
bh3_0272	GQWTREIYAVLRRLADMPNAQF	9.095826465373792	-9.975061388981088	f100.csv	P	f_p	752
bh3_0273	GQWVREFGAQLARFADDLTEQR	10.130040572039634	-9.735447447446838	f100.csv	P	x_p	314
bh3_0274	GQWVREFGAQLARVGDDLPAQS	9.705152387642148	-9.833888507106169	f100.csv	P	x_p	1549
bh3_0275	GQWVREFGAQLGRYGDDLNAQY	2.5026848507475195	-11.502606448743585	f100.csv	P	x_p	313
bh3_0276	GQWVREFGAQLRRIGDDLPKQC	3.940860618859342	-11.169399850423934	f100.csv	P	x_p	835
bh3_0277	GQWVREIAACLRRIADVINAQF	3.3645701298979085	-11.302918852571297	f100.csv	P	f_p	335
bh3_0278	GQWVREIAAHLRRFADQYNAQT	5.6192754848914	-10.780532981380574	f100.csv	P	f_p	314
bh3_0279	GQWVREIAAILRRFADVVNAQI	5.095246711815026	-10.901943624481342	f100.csv	P	f_p	907
bh3_0280	GQWVREIAARLRRLADDANAQA	7.003776582905339	-10.459762105199898	f100.csv	P	f_p	1408
bh3_0281	GQWVREIAASLRRAADLINAQL	3.5915377905003454	-11.250333401060598	f100.csv	P	f_p	281
bh3_0282	GQWVREIAAYLRRIADLLNAQV	1.9443625073704391	-11.631962465530586	f100.csv	P	f_p	427
bh3_0283	GQWVREICAGLRRSADLFNAQA	8.478862357338409	-10.118003939037878	f100.csv	P	f_p	546
bh3_0284	GQWVREICALLRRFADLYNAQL	5.405715222519877	-10.830012113305104	f100.csv	P	f_p	410
bh3_0285	GQWVREIDASLRRVADVSNAQF	8.664005854876796	-10.075108601497348	f100.csv	P	f_p	748
bh3_0286	GQWVREIDAVLRRFADLFNAQS	10.935140857175904	-9.548916194963951	f100.csv	P	f_p	209
bh3_0287	GQWVREIGADLRRIADVFNAQF	3.569787970366155	-11.255372551171222	f100.csv	P	f_p	663
bh3_0288	GQWVREIGAQLGRIGDDLHKQH	2.859436776315536	-11.419951673021302	f100.csv	P	x_p	389
bh3_0289	GQWVREIGAQLRRCGDDLVEQA	3.6068643435268384	-11.246782438298494	f100.csv	P	x_p	742
bh3_0290	GQWVREIGAQLRRFGDDLAEQC	2.6382557685830523	-11.471196432412716	f100.csv	P	x_p	134
bh3_0291	GQWVREIGAVLRRLADLVNAQV	3.0772565423053844	-11.369485669573372	f100.csv	P	f_p	193
bh3_0292	GQWVREIGAVLRRVADLYNAQF	9.037452382346485	-9.988585903902582	f100.csv	P	f_p	3052
bh3_0293	GQWVREIGAYLRRLADDVNAQF	3.1185984322501543	-11.35990729200504	f100.csv	P	f_p	664
bh3_0294	GQWVREISAYLRRGADELNAQF	7.275087320940953	-10.396902940059652	f100.csv	P	f_p	2465
bh3_0295	GQWVREISAYLRRIADIINAQF	1.52890689998655	-11.728218119921815	f100.csv	P	f_p	127
bh3_0296	GQWVREISAYLRRIADMFNAQV	3.0966321105002694	-11.364996602720852	f100.csv	P	f_p	351
bh3_0297	GQWVREISAYLRRLADNINAQA	3.3604859228120683	-11.303865110170737	f100.csv	P	f_p	692
bh3_0298	GQWVREIYACLRRCADLSNAQA	9.612467468192179	-9.855362396049522	f100.csv	P	f_p	1297
bh3_0299	GQWVREIYADLRRVADIFNAQP	9.79115993458239	-9.813961678424162	f100.csv	P	f_p	1025
bh3_0300	GQWVREIYAFLRRIADHLNAQL	4.6416984191289865	-11.007024858034605	f100.csv	P	f_p	1231
bh3_0301	GQWVREIYAHLRRCADLINAQV	7.4979248019689075	-10.345274397375382	f100.csv	P	f_p	2006
bh3_0302	GQWVREIYALLRRVADQLNAQI	4.079019377451258	-11.137390265087284	f100.csv	P	f_p	772
bh3_0303	GQWVREIYANLRRFADVVNAQF	10.46104530281723	-9.658757961491364	f100.csv	P	f_p	231
bh3_0304	GQWVREIYAYLRRCADELNAQL	4.635729965808472	-11.008407670950977	f100.csv	P	f_p	509
bh3_0305	GQWVRELGAQLIRIGDDLDAQT	3.2356997607602036	-11.332776439019822	f100.csv	P	x_p	785
bh3_0306	GQWVRELGAQLTRFADDLNTQA	8.365684575152496	-10.144225757430107	f100.csv	P	x_p	1281
bh3_0307	GQWVRELGAQLVRNGDDLDEQC	8.818419119294058	-10.039333058818404	f100.csv	P	x_p	563
bh3_0308	GQWVRENGAQLVRIGDDLDAQY	10.092244645703666	-9.744204271420644	f100.csv	P	x_p	1278
bh3_0309	GQWVREVGAQLARAADDLLEQC	6.766203642900217	-10.51480466185195	f100.csv	P	x_p	472
bh3_0310	GQWVREVGAQLARIADDLNAQS	4.214371645858659	-11.106030906981779	f100.csv	P	x_p	149
bh3_0311	GQWVREVGAQLTRAGDDLHTQS	9.240519352336438	-9.941537931184847	f100.csv	P	x_p	351
bh3_0312	GQWVREVGAQLTRVGDDLIEQT	9.02868846559468	-9.99061638929496	f100.csv	P	x_p	2775
bh3_0313	GQWVREYGAQLVRIADDLDAQS	11.128343745922015	-9.504153601425651	f100.csv	P	x_p	190
bh3_0314	GRAECHIIQELRRIGDESKAYY	10.192557727410284	-9.720963036612254	f100.csv	B	m_b	302
bh3_0315	GRAECHTGQELTRIGDEVNAYY	5.545843467363937	-10.797546223649423	f100.csv	B	m_b	643
bh3_0316	GRAEFDIVQELRRIGDEVEAYY	3.4173679680954727	-11.290686280965993	f100.csv	B	m_b	1005
bh3_0317	GRAEFDTIQELIRIGDELDAYY	9.775687308024532	-9.817546484521392	f100.csv	B	m_b	2036
bh3_0318	GRAEFQAIQELVRIGDEHEAYY	10.116887374698695	-9.738494871996867	f100.csv	B	m_b	573
bh3_0319	GRAELQVGQELKRIGDEVDAYY	3.6166163391401636	-11.244523027900133	f100.csv	B	m_b	817
bh3_0320	GRAERHVVQELVRIGDEVEAYY	9.67099216013002	-9.841802987004606	f100.csv	B	m_b	1496
bh3_0321	GRAESEIVQELARIGDETQAYY	9.860881164227466	-9.797808177387777	f100.csv	B	m_b	356
bh3_0322	GRAEVHIAQELGRIGDEVNAYY	2.551949712371286	-11.491192421805907	f100.csv	B	m_b	107
bh3_0323	GRGEADTAQELVRIGDEVQAYY	9.354996829914795	-9.915014990294125	f100.csv	B	m_b	1296
bh3_0324	GRGECDIIQELVRIGDEDHAYY	9.25886698877659	-9.937287022734724	f100.csv	B	m_b	704
bh3_0325	GRGECDTIQELRRIGDEVHAYY	4.732777866141136	-10.985922936149494	f100.csv	B	m_b	469
bh3_0326	GRGECHISQELKRIGDEHHAYY	4.5751518249652126	-11.02244283736837	f100.csv	B	m_b	1046
bh3_0327	GRGECHIVQELERIGDESEAYY	10.402461435275976	-9.672331080753038	f100.csv	B	m_b	1446
bh3_0328	GRGECHVIQELIRIGDELKAYY	5.542239572604829	-10.798381199137127	f100.csv	B	m_b	425
bh3_0329	GRGECHVVQELARIGDEVKAYY	8.996057172489028	-9.99817663500038	f100.csv	B	m_b	454
bh3_0330	GRGEFDIAQELVRIGDENDAYY	10.062571664198861	-9.751079114849691	f100.csv	B	m_b	2394
bh3_0331	GRGEFDIIQELGRIGDEHEAYY	8.978835523599036	-10.002166666797136	f100.csv	B	m_b	407
bh3_0332	GRGELQTSQELKRIGDEIDAYY	9.407752786849638	-9.902792122032038	f100.csv	B	m_b	1948
bh3_0333	GRGELQVAQELVRIGDELHAYY	8.350470540065759	-10.147750651250716	f100.csv	B	m_b	3952
bh3_0334	GRGEPEIGQELVRIGDEHDAYY	10.479863274811454	-9.654398082417819	f100.csv	B	m_b	788
bh3_0335	GRGERQTAQELRRIGDEVNAYY	7.256006168053895	-10.401323794719067	f100.csv	B	m_b	821
bh3_0336	GRGEVEIIQELKRIGDEIQAYY	9.001920728193433	-9.99681812549574	f100.csv	B	m_b	399
bh3_0337	GRGEVEVSQELERIGDEHEAYY	10.889722790023367	-9.559438969713534	f100.csv	B	m_b	100
bh3_0338	GRGEYDIAQELVRIGDEPNAYY	10.30995078413156	-9.693764593999223	f100.csv	B	m_b	564
bh3_0339	GRGEYEIVQELIRIGDEDEAYY	10.496455981268856	-9.650553768392944	f100.csv	B	m_b	337
bh3_0340	GRGEYQIIQELTRIGDEVNAYY	9.768852052758708	-9.819130124161463	f100.csv	B	m_b	323
bh3_0341	GRGEYQIVQELRRIGDESHAYY	9.94902529285712	-9.777386330549753	f100.csv	B	m_b	546
bh3_0342	GRGEYQVVQELRRIGDEYNAYY	6.871253806041007	-10.490465906958992	f100.csv	B	m_b	446
bh3_0343	GRPAIWIAQHLRRLGDIYNAYF	6.4020640869560985	-10.599171055334624	f100.csv	B	f_b	817
bh3_0344	GRPAIWICQFLRRFGDKANAYF	4.553004670288091	-11.027574044718714	f100.csv	B	f_b	635
bh3_0345	GRPAIWICQFLRRIGDLVNAYP	4.407669420346889	-11.061246329652581	f100.csv	B	f_b	167
bh3_0346	GRPAIWICQFLRRSGDLFNAYI	6.513732480778565	-10.573298942571764	f100.csv	B	f_b	611
bh3_0347	GRPAIWICQNLRRIGDIINAYI	4.6400567506879975	-11.007405211235458	f100.csv	B	f_b	291
bh3_0348	GRPAIWICQVLRRFGDVPNAYF	6.855525176866636	-10.494110025528938	f100.csv	B	f_b	3005
bh3_0349	GRPAIWIDQDLRRFGDNLNAYF	10.413275219374563	-9.669825667788679	f100.csv	B	f_b	464
bh3_0350	GRPAIWIGQILRRTGDMVNAYS	6.02437189624216	-10.68667741781834	f100.csv	B	f_b	1364
bh3_0351	GRPAIWIGQVLRRGGDQANAYF	8.614936955239852	-10.08647722659439	f100.csv	B	f_b	2088
bh3_0352	GRPAIWIGQYLRRFGDLINAYL	3.779076081107242	-11.206883221149802	f100.csv	B	f_b	238
bh3_0353	GRPAIWISQCLRRTGDLFNAYS	6.290141290468276	-10.625102109882354	f100.csv	B	f_b	596
bh3_0354	GRPAIWISQFLRRSGDIYNAYF	9.780920175377517	-9.816334097295291	f100.csv	B	f_b	287
bh3_0355	GRPAIWISQFLRRTGDNFNAYF	6.461060272587784	-10.585502407340382	f100.csv	B	f_b	910
bh3_0356	GRPAIWIYQILRRFGDQFNAYL	5.168193306195561	-10.885042848434717	f100.csv	B	f_b	1040
bh3_0357	GRPAIWIYQILRRIGDDLNAYL	3.253408449566546	-11.32867356641642	f100.csv	B	f_b	312
bh3_0358	GRPAIWIYQVLRRFGDNLNAYF	5.788873238835194	-10.741239390202592	f100.csv	B	f_b	1239
bh3_0359	GRPDIWFAQELARVADEFLAYC	6.705259083945038	-10.528924722574576	f100.csv	B	x_b	1158
bh3_0360	GRPDIWIAQELARYADEFIKYR	8.733992800399745	-10.058893537552068	f100.csv	B	x_b	146
bh3_0361	GRPDIWLAQELTRCADEFTTYG	8.670469693467155	-10.073611014264593	f100.csv	B	x_b	449
bh3_0362	GRPDIWVAQELGRDGDEFLAYC	9.428872125002679	-9.897899046386648	f100.csv	B	x_b	425
bh3_0363	GRPECDIGQELERIGDEAHAYY	7.200507135739519	-10.414182197827738	f100.csv	B	m_b	103
bh3_0364	GRPECDIIQELTRIGDEYHAYY	3.6539775018819425	-11.235866932989843	f100.csv	B	m_b	301
bh3_0365	GRPECHIIQELRRIGDEIKAYY	5.198407027360153	-10.878042722667718	f100.csv	B	m_b	1472
bh3_0366	GRPECHIVQELKRIGDELNAYY	3.34066911311187	-11.308456406934427	f100.csv	B	m_b	607
bh3_0367	GRPECHVAQELRRIGDEYEAYY	5.604753532309458	-10.783897528696748	f100.csv	B	m_b	135
bh3_0368	GRPECQISQELKRIGDEPKAYY	6.757962999465248	-10.516713911630603	f100.csv	B	m_b	1220
bh3_0369	GRPEFHVVQELIRIGDEFQAYY	9.648236572543158	-9.84707516033745	f100.csv	B	m_b	157
bh3_0370	GRPEIWIAQELGRTADEFHKYA	10.402171880353574	-9.672398166858128	f100.csv	B	x_b	433
bh3_0371	GRPEIWIAQELIRVADEFLKYG	3.2160405335225373	-11.337331225978899	f100.csv	B	x_b	714
bh3_0372	GRPEIWIAQELRRYGDEFLEYG	3.5615604676012613	-11.257278756427729	f100.csv	B	x_b	648
bh3_0373	GRPEIWIAQELVRLADEFTEYS	7.599048901389669	-10.321845260323261	f100.csv	B	x_b	1152
bh3_0374	GRPEIWIAQELVRSGDEFTKYC	9.242553955118606	-9.941066540213722	f100.csv	B	x_b	630
bh3_0375	GRPEIWIAQGLRRFGDMYNAYS	3.2017742588109295	-11.340636536061815	f100.csv	B	f_b	591
bh3_0376	GRPEIWIAQHLRRFGDMHNAYL	7.408930271379955	-10.365893271273897	f100.csv	B	f_b	414
bh3_0377	GRPEIWIAQVLRRSGDMFNAYA	8.082793974471967	-10.209767825958432	f100.csv	B	f_b	3307
bh3_0378	GRPEIWICQFLRRFGDHFNAYS	5.048548614703355	-10.912762965504596	f100.csv	B	f_b	375
bh3_0379	GRPEIWICQILRRVGDEVNAYI	4.094914886713888	-11.13370748257391	f100.csv	B	f_b	362
bh3_0380	GRPEIWIGQFLRRLGDVFNAYF	2.7377171422355664	-11.448152527269977	f100.csv	B	f_b	217
bh3_0381	GRPEIWIGQRLRRCGDLYNAYS	9.386418286030144	-9.907735048065511	f100.csv	B	f_b	657
bh3_0382	GRPEIWIGQYLRRFGDVPNAYP	10.635772097269582	-9.618276038415159	f100.csv	B	f_b	299
bh3_0383	GRPEIWISQNLRRIGDLNNAYF	10.34355221699812	-9.685979579543838	f100.csv	B	f_b	919
bh3_0384	GRPEIWLAQELIRFADEFVKYC	7.328811543522957	-10.384455737255353	f100.csv	B	x_b	823
bh3_0385	GRPEIWNAQELTRFGDEFHKYG	10.746404674341905	-9.592643910905457	f100.csv	B	x_b	358
bh3_0386	GRPERDISQELARIGDELQAYY	5.9334557028943475	-10.707741515955224	f100.csv	B	m_b	576
bh3_0387	GRPERHIGQELIRIGDELDAYY	2.1693026171212506	-11.579846771150532	f100.csv	B	m_b	239
bh3_0388	GRPESQIAQELIRIGDEFQAYY	3.8772917936144378	-11.184127919474102	f100.csv	B	m_b	275
bh3_0389	GRPEVEITQELTRIGDEIQAYY	10.09922311750902	-9.742587450373252	f100.csv	B	m_b	457
bh3_0390	GRPHIWFAQELGRVADEFAEYA	9.952085611361625	-9.776677294602083	f100.csv	B	x_b	614
bh3_0391	GRPHIWFAQELRRHADEFVEYP	9.989919171461885	-9.767911751375136	f100.csv	B	x_b	3014
bh3_0392	GRPHIWIAQELIRIADEFHTYC	3.4552348711458936	-11.281913012611668	f100.csv	B	x_b	454
bh3_0393	GRPHIWLAQELRRVGDEFLKYH	3.6618171434719855	-11.234050590117029	f100.csv	B	x_b	116
bh3_0394	GRPHIWVAQELARVADEFLKYY	8.029666572612202	-10.222076753172866	f100.csv	B	x_b	203
bh3_0395	GRPHIWVAQELVRSADEFNEYR	9.196254670552932	-9.95179348156319	f100.csv	B	x_b	152
bh3_0396	GRPIIWFAQELIRPGDEFLKYS	10.696695384133024	-9.604160906159196	f100.csv	B	x_b	567
bh3_0397	GRPIIWFAQELRRIGDEFTKYY	3.0801125652497703	-11.368823966246755	f100.csv	B	x_b	147
bh3_0398	GRPIIWFAQELVRHADEFNAYT	10.716647709159226	-9.599538212259077	f100.csv	B	x_b	746
bh3_0399	GRPIIWIAQELIRIGDEFNTYD	1.9093210845224429	-11.640081106913893	f100.csv	B	x_b	600
bh3_0400	GRPIIWIAQELRRFADEFIEYD	3.1077350046568255	-11.362424206720698	f100.csv	B	x_b	148
bh3_0401	GRPIIWIAQELRRYADEFLKYY	2.7078032536835983	-11.45508318572489	f100.csv	B	x_b	543
bh3_0402	GRPIIWIAQELVRTGDEFNEYS	7.893588073041992	-10.253604369582202	f100.csv	B	x_b	1075
bh3_0403	GRPIIWIAQGLRRVGDIVNAYI	4.96095704397214	-10.933056791872662	f100.csv	B	f_b	996
bh3_0404	GRPIIWIAQYLRRLGDVVNAYL	4.92973914988335	-10.940289571430398	f100.csv	B	f_b	398
bh3_0405	GRPIIWICQDLRRGGDKINAYT	7.743633012759407	-10.288347004415481	f100.csv	B	f_b	303
bh3_0406	GRPIIWICQDLRRSGDLANAYF	7.309830025664243	-10.388853507776094	f100.csv	B	f_b	481
bh3_0407	GRPIIWICQFLRRFGDHFNAYF	4.726899002095687	-10.987284992397418	f100.csv	B	f_b	2280
bh3_0408	GRPIIWICQFLRRLGDLHNAYL	6.309675532294497	-10.620576280415616	f100.csv	B	f_b	392
bh3_0409	GRPIIWICQFLRRRGDHPNAYI	6.703117703985606	-10.529420852427277	f100.csv	B	f_b	663
bh3_0410	GRPIIWICQILRRFGDKVNAYL	4.417918141947128	-11.05887183431115	f100.csv	B	f_b	518
bh3_0411	GRPIIWICQLLRRSGDVYNAYV	6.91110379934654	-10.481233182415295	f100.csv	B	f_b	976
bh3_0412	GRPIIWICQVLRRIGDVVNAYA	5.752015008092003	-10.74977896231772	f100.csv	B	f_b	723
bh3_0413	GRPIIWICQYLRRIGDDVNAYA	6.065670731576671	-10.67710901544257	f100.csv	B	f_b	887
bh3_0414	GRPIIWIDQCLRRIGDVFNAYL	6.696565124505885	-10.53093899976856	f100.csv	B	f_b	1023
bh3_0415	GRPIIWIDQFLRRLGDLVNAYS	8.518533885544521	-10.10881256253384	f100.csv	B	f_b	222
bh3_0416	GRPIIWIDQNLRRSGDLVNAYV	10.451327209866054	-9.661009517084368	f100.csv	B	f_b	236
bh3_0417	GRPIIWIGQDLRRSGDLLNAYF	6.459053488019198	-10.585967353193654	f100.csv	B	f_b	307
bh3_0418	GRPIIWIGQFLRRVGDLVNAYV	4.271272677923399	-11.092847678787034	f100.csv	B	f_b	636
bh3_0419	GRPIIWIGQHLRRIGDENNAYV	7.630820897978277	-10.314484102431544	f100.csv	B	f_b	2650
bh3_0420	GRPIIWIGQILRRVGDHYNAYA	5.5069437234493215	-10.806558787782881	f100.csv	B	f_b	389
bh3_0421	GRPIIWIGQLLRRCGDILNAYS	8.375748980505946	-10.14189396576299	f100.csv	B	f_b	3034
bh3_0422	GRPIIWIGQLLRRFGDVNNAYA	10.65513630451006	-9.61378960374784	f100.csv	B	f_b	216
bh3_0423	GRPIIWIGQLLRRIGDLFNAYF	3.866975690002575	-11.186518026350216	f100.csv	B	f_b	388
bh3_0424	GRPIIWIGQVLRRFGDMLNAYI	3.3339299365599957	-11.310017786387562	f100.csv	B	f_b	346
bh3_0425	GRPIIWIGQVLRRLGDLANAYI	5.557551784684649	-10.79483355898563	f100.csv	B	f_b	563
bh3_0426	GRPIIWIGQVLRRLGDNSNAYS	7.055378465474084	-10.4478066209407	f100.csv	B	f_b	102
bh3_0427	GRPIIWIGQYLRRIGDVDNAYF	9.89375671632825	-9.790191340053795	f100.csv	B	f_b	208
bh3_0428	GRPIIWISQLLRRIGDIFNAYL	5.271565799112521	-10.8610927878869	f100.csv	B	f_b	769
bh3_0429	GRPIIWISQNLRRFGDLHNAYF	9.864736946263433	-9.796914842897966	f100.csv	B	f_b	468
bh3_0430	GRPIIWISQNLRRIGDIINAYF	4.868745534266705	-10.954420997942695	f100.csv	B	f_b	352
bh3_0431	GRPIIWISQYLRRCGDLVNAYV	4.695775518863818	-10.99449589818897	f100.csv	B	f_b	654
bh3_0432	GRPIIWISQYLRRSGDKYNAYP	9.9209522603572	-9.783890486628044	f100.csv	B	f_b	261
bh3_0433	GRPIIWISQYLRRVGDDINAYP	8.284014771492076	-10.163147587477937	f100.csv	B	f_b	212
bh3_0434	GRPIIWIYQDLRRSGDMDNAYP	9.55339716793739	-9.869048215436855	f100.csv	B	f_b	238
bh3_0435	GRPIIWIYQILRRTGDMVNAYF	5.232607925169886	-10.870118819990912	f100.csv	B	f_b	351
bh3_0436	GRPIIWIYQLLRRFGDIANAYV	7.955186052178283	-10.239332919912101	f100.csv	B	f_b	462
bh3_0437	GRPIIWIYQVLRRLGDLVNAYF	5.613353793562809	-10.781904960152326	f100.csv	B	f_b	1374
bh3_0438	GRPIIWIYQYLRRFGDVDNAYF	9.208917823443487	-9.94885959393122	f100.csv	B	f_b	157
bh3_0439	GRPIIWLAQELTRLGDEFTEYA	9.090819439020455	-9.97622145178835	f100.csv	B	x_b	889
bh3_0440	GRPIIWLAQELVRIGDEFLTYA	7.874820185257506	-10.257952644796521	f100.csv	B	x_b	306
bh3_0441	GRPIIWNAQELVRIGDEFDTYC	9.556310888242882	-9.868373144382971	f100.csv	B	x_b	399
bh3_0442	GRPIIWVAQELGRFADEFIKYY	9.91884180315157	-9.78437945208135	f100.csv	B	x_b	545
bh3_0443	GRPIIWVAQELVRIADEFIAYH	8.733884971407628	-10.05891852012545	f100.csv	B	x_b	219
bh3_0444	GRPKIWIAQCLRRCGDVLNAYV	6.407067183133222	-10.598011903098014	f100.csv	B	f_b	1023
bh3_0445	GRPKIWIAQELARIADEFPTYD	9.69749024550102	-9.83566372566797	f100.csv	B	x_b	289
bh3_0446	GRPKIWIAQLLRRIGDVLNAYL	3.9388910665276926	-11.169856170052725	f100.csv	B	f_b	659
bh3_0447	GRPKIWICQFLRRFGDHINAYF	5.062128195124964	-10.909616753546906	f100.csv	B	f_b	1887
bh3_0448	GRPKIWICQFLRRLGDKLNAYA	4.935714200607821	-10.938905229981437	f100.csv	B	f_b	1223
bh3_0449	GRPKIWICQYLRRGGDHANAYA	7.97145227724172	-10.235564247374942	f100.csv	B	f_b	1394
bh3_0450	GRPKIWICQYLRRVGDVFNAYI	6.998127409052044	-10.4610709452212	f100.csv	B	f_b	4770
bh3_0451	GRPLIWFAQELARFADEFVEYD	9.63433674468442	-9.850295569456232	f100.csv	B	x_b	1736
bh3_0452	GRPLIWFAQELGRIADEFIEYR	10.676961881933169	-9.608732901659844	f100.csv	B	x_b	200
bh3_0453	GRPLIWFAQELGRIGDEFVAYD	9.561293217430599	-9.867218803587392	f100.csv	B	x_b	801
bh3_0454	GRPLIWFAQELVRFGDEFIKYS	10.477396870080021	-9.654969516277895	f100.csv	B	x_b	125
bh3_0455	GRPLIWIAQDLRRIGDVVNAYL	4.756463253353749	-10.980435340350715	f100.csv	B	f_b	2460
bh3_0456	GRPLIWIAQELARYADEFNAYR	8.556862937960162	-10.099932220189455	f100.csv	B	x_b	407
bh3_0457	GRPLIWIAQELARYGDEFNAYY	2.71995957381875	-11.452266724642643	f100.csv	B	x_b	415
bh3_0458	GRPLIWIAQELIRIGDEFDAYA	2.630513052721798	-11.472990318856285	f100.csv	B	x_b	346
bh3_0459	GRPLIWIAQELIRYGDEFDEYD	9.316433989345489	-9.923949498309451	f100.csv	B	x_b	1439
bh3_0460	GRPLIWIAQELTRFGDEFAAYY	8.926590428124868	-10.014271175110949	f100.csv	B	x_b	276
bh3_0461	GRPLIWIAQELVRVADEFTEYN	8.474426450556699	-10.119031680877207	f100.csv	B	x_b	361
bh3_0462	GRPLIWICQDLRRFGDLLNAYV	2.4144514883668933	-11.523048969879754	f100.csv	B	f_b	705
bh3_0463	GRPLIWICQFLRRFGDLLNAYF	3.7069083471058275	-11.223603545388485	f100.csv	B	f_b	1162
bh3_0464	GRPLIWICQFLRRIGDMVNAYV	4.505934986206889	-11.038479477604202	f100.csv	B	f_b	1900
bh3_0465	GRPLIWICQILRRIGDEVNAYF	2.642503219743011	-11.47021235328698	f100.csv	B	f_b	521
bh3_0466	GRPLIWICQVLRRVGDEANAYF	4.740852330193357	-10.984052187969926	f100.csv	B	f_b	2869
bh3_0467	GRPLIWIGQCLRRIGDVINAYF	3.3667381801653167	-11.302416543555523	f100.csv	B	f_b	476
bh3_0468	GRPLIWIGQFLRRFGDKFNAYT	6.3250737462369	-10.617008714752426	f100.csv	B	f_b	395
bh3_0469	GRPLIWIGQILRRVGDDFNAYS	4.411431775613059	-11.060374640928778	f100.csv	B	f_b	354
bh3_0470	GRPLIWIGQYLRRCGDMINAYV	4.023335782351367	-11.150291428990082	f100.csv	B	f_b	384
bh3_0471	GRPLIWIGQYLRRIGDLANAYP	6.89140658951481	-10.485796769446827	f100.csv	B	f_b	625
bh3_0472	GRPLIWISQCLRRFGDKVNAYF	4.382818267632145	-11.067004018138233	f100.csv	B	f_b	983
bh3_0473	GRPLIWISQCLRRGGDHYNAYI	7.640292602307642	-10.312289631873874	f100.csv	B	f_b	1594
bh3_0474	GRPLIWISQGLRRFGDLLNAYV	4.274905732879193	-11.092005947261466	f100.csv	B	f_b	238
bh3_0475	GRPLIWISQLLRRIGDIVNAYI	5.433355010587142	-10.823608334320383	f100.csv	B	f_b	417
bh3_0476	GRPLIWISQVLRRFGDLFNAYF	6.023302314297529	-10.68692522602739	f100.csv	B	f_b	422
bh3_0477	GRPLIWISQYLRRTGDKSNAYT	10.905972577376819	-9.555674105579737	f100.csv	B	f_b	360
bh3_0478	GRPLIWIYQCLRRFGDIVNAYI	6.053520337693307	-10.679924103489446	f100.csv	B	f_b	763
bh3_0479	GRPLIWIYQILRRTGDNANAYF	6.788068913416892	-10.509738763391038	f100.csv	B	f_b	589
bh3_0480	GRPLIWLAQELARVADEFVEYA	8.920927928744748	-10.015583102483298	f100.csv	B	x_b	783
bh3_0481	GRPLIWLAQELIRHGDEFDKYY	9.529177229164999	-9.874659659871392	f100.csv	B	x_b	677
bh3_0482	GRPLIWLAQELIRIGDEFHAYD	6.9874560046943195	-10.463543370653595	f100.csv	B	x_b	462
bh3_0483	GRPLIWLAQELVRAADEFLAYG	9.85881228618825	-9.798287509489645	f100.csv	B	x_b	174
bh3_0484	GRPLIWLAQELVRFADEFAAYC	7.805680066442412	-10.273971510020512	f100.csv	B	x_b	828
bh3_0485	GRPLIWNAQELVRLADEFLKYY	11.142359053843201	-9.500906437080118	f100.csv	B	x_b	218
bh3_0486	GRPLIWVAQELARLGDEFDKYG	2.2354775891636383	-11.564514891823228	f100.csv	B	x_b	100
bh3_0487	GRPLIWVAQELIRFADEFIEYR	8.657056459472985	-10.076718685921119	f100.csv	B	x_b	166
bh3_0488	GRPLIWVAQELRRIADEFLAYG	6.924521336100558	-10.47812451386534	f100.csv	B	x_b	268
bh3_0489	GRPMIWFAQELGRIGDEFAKYG	7.954246591763316	-10.239550580657099	f100.csv	B	x_b	182
bh3_0490	GRPMIWFAQELGRNGDEFVKYH	10.143746486602339	-9.732271965513712	f100.csv	B	x_b	235
bh3_0491	GRPMIWFAQELVRSADEFVKYC	9.901315378786395	-9.788440096387083	f100.csv	B	x_b	365
bh3_0492	GRPMIWHAQELARSGDEFVKYR	9.489668415407314	-9.88381333755651	f100.csv	B	x_b	240
bh3_0493	GRPMIWHAQELVRSGDEFAEYD	9.743576282398715	-9.824986191026376	f100.csv	B	x_b	386
bh3_0494	GRPMIWIAQELARFGDEFPKYH	9.491051871405471	-9.883492808816358	f100.csv	B	x_b	161
bh3_0495	GRPMIWIAQELRRFGDEFAEYC	4.103918025917344	-11.13162157245451	f100.csv	B	x_b	1411
bh3_0496	GRPMIWIAQELRRVADEFDAYR	3.7427042084955304	-11.215310110418958	f100.csv	B	x_b	395
bh3_0497	GRPMIWLAQELRRLGDEFHAYR	3.650297021477644	-11.236719652374282	f100.csv	B	x_b	604
bh3_0498	GRPMIWLAQELRRSGDEFNAYR	7.511468317491483	-10.34213654118518	f100.csv	B	x_b	447
bh3_0499	GRPMIWVAQELRRFGDEFTTYD	8.829955775626068	-10.036660165770414	f100.csv	B	x_b	637
bh3_0500	GRPMIWYAQELRRVADEFAKYC	7.292931867453836	-10.392768590994711	f100.csv	B	x_b	350
bh3_0501	GRPMIWYAQELTRFGDEFVKYA	10.079518079092665	-9.747152851185902	f100.csv	B	x_b	1187
bh3_0502	GRPNIWFAQELGRLGDEFNEYY	9.509270875456956	-9.879271702815707	f100.csv	B	x_b	542
bh3_0503	GRPNIWIAQELTRHADEFVEYN	10.631445968357173	-9.619278346151638	f100.csv	B	x_b	471
bh3_0504	GRPNIWIAQELVRCADEFDAYC	8.930148299462541	-10.013446862650698	f100.csv	B	x_b	558
bh3_0505	GRPNIWVAQELARVGDEFTKYP	10.707862599138496	-9.601573607855899	f100.csv	B	x_b	522
bh3_0506	GRPNIWVAQELIRIADEFNAYY	9.095035706477846	-9.97524459752044	f100.csv	B	x_b	200
bh3_0507	GRPPIWIAQNLRRIGDKYNAYI	4.351844580212554	-11.074180218190643	f100.csv	B	f_b	1013
bh3_0508	GRPPIWICQYLRRIGDDVNAYF	5.245567308061907	-10.86711629972495	f100.csv	B	f_b	222
bh3_0509	GRPPIWIDQVLRRCGDIFNAYI	9.702344353467401	-9.834539092059746	f100.csv	B	f_b	405
bh3_0510	GRPPIWIGQFLRRIGDLFNAYF	4.1521163094672495	-11.12045465776814	f100.csv	B	f_b	266
bh3_0511	GRPPIWIGQVLRRCGDKPNAYI	10.544525711281635	-9.639416637887171	f100.csv	B	f_b	184
bh3_0512	GRPPIWIYQVLRRFGDQTNAYV	6.673136243075012	-10.536367166517792	f100.csv	B	f_b	288
bh3_0513	GRPQIWFAQELIRFADEFDTYN	10.36057109780573	-9.682036526471434	f100.csv	B	x_b	339
bh3_0514	GRPQIWIAQELVRLADEFTTYN	9.338819343624966	-9.918763103212948	f100.csv	B	x_b	2117
bh3_0515	GRPQIWIAQFLRRVGDIINAYV	4.524037710201865	-11.034285312178508	f100.csv	B	f_b	383
bh3_0516	GRPQIWICQILRRIGDNSNAYP	8.076897837449232	-10.211133884130271	f100.csv	B	f_b	148
bh3_0517	GRPQIWICQILRRVGDVANAYP	7.915331942623638	-10.248566598137117	f100.csv	B	f_b	271
bh3_0518	GRPQIWICQLLRRIGDLYNAYP	4.22926414779692	-11.10258050820484	f100.csv	B	f_b	251
bh3_0519	GRPQIWICQYLRRSGDIINAYL	7.7180923633824925	-10.294264440299504	f100.csv	B	f_b	873
bh3_0520	GRPQIWIDQDLRRVGDLINAYS	10.469836035047473	-9.656721263301806	f100.csv	B	f_b	418
bh3_0521	GRPQIWIGQILRRVGDELNAYV	4.436699909281298	-11.054520343385901	f100.csv	B	f_b	733
bh3_0522	GRPQIWIGQVLRRFGDMANAYL	5.044387359477953	-10.913727074154693	f100.csv	B	f_b	328
bh3_0523	GRPQIWIYQCLRRIGDDLNAYF	4.286939028132431	-11.089217989442394	f100.csv	B	f_b	1438
bh3_0524	GRPQIWIYQNLRRVGDQINAYA	10.233699253149434	-9.711431080821328	f100.csv	B	f_b	267
bh3_0525	GRPQIWIYQVLRRVGDVINAYS	8.854027010895676	-10.031083174001134	f100.csv	B	f_b	883
bh3_0526	GRPQIWVAQELGRIADEFAAYS	10.725920175890208	-9.597389902458588	f100.csv	B	x_b	639
bh3_0527	GRPQIWVAQELIRHADEFHKYS	10.783357827862508	-9.584082346418837	f100.csv	B	x_b	409
bh3_0528	GRPTIWIAQCLRRSGDVINAYF	6.486297531351419	-10.579655263110867	f100.csv	B	f_b	4392
bh3_0529	GRPTIWICQLLRRVGDLTNAYT	6.967975676030543	-10.46805670914262	f100.csv	B	f_b	2122
bh3_0530	GRPTIWICQVLRRFGDVFNAYT	6.5185919550104074	-10.572173065669707	f100.csv	B	f_b	3765
bh3_0531	GRPTIWIGQFLRRIGDVYNAYL	6.72449673251186	-10.524467609903963	f100.csv	B	f_b	1074
bh3_0532	GRPTIWIGQGLRRIGDVVNAYP	8.013916601255255	-10.225725816448609	f100.csv	B	f_b	1362
bh3_0533	GRPTIWIGQYLRRIGDLLNAYV	4.267704551648015	-11.093674367182818	f100.csv	B	f_b	412
bh3_0534	GRPTIWISQDLRRCGDIDNAYT	8.939909723624826	-10.011185267780315	f100.csv	B	f_b	408
bh3_0535	GRPTIWISQFLRRIGDDFNAYF	4.504885952181152	-11.038722525128007	f100.csv	B	f_b	285
bh3_0536	GRPTIWIYQCLRRIGDDANAYV	6.884866973903318	-10.48731191322865	f100.csv	B	f_b	2031
bh3_0537	GRPTIWIYQVLRRIGDDYNAYV	4.163612380778982	-11.117791167740872	f100.csv	B	f_b	479
bh3_0538	GRPVIWDAQELTRYADEFIKYA	9.98988265225526	-9.767920212399778	f100.csv	B	x_b	920
bh3_0539	GRPVIWFAQELARVGDEFNTYC	4.20146608880893	-11.109020956500974	f100.csv	B	x_b	2372
bh3_0540	GRPVIWFAQELIRIADEFPEYS	9.032446424307144	-9.989745719195401	f100.csv	B	x_b	1344
bh3_0541	GRPVIWFAQELIRIGDEFAAYA	7.327954340448405	-10.384654340045689	f100.csv	B	x_b	521
bh3_0542	GRPVIWFAQELRRIGDEFLKYH	4.824700634483256	-10.964625627693508	f100.csv	B	x_b	2834
bh3_0543	GRPVIWFAQELVRIGDEFDKYA	5.504425311005194	-10.807142271152774	f100.csv	B	x_b	1431
bh3_0544	GRPVIWFAQELVRSADEFDAYT	10.550157437663128	-9.638111840217894	f100.csv	B	x_b	497
bh3_0545	GRPVIWHAQELVRAADEFNEYN	11.20786116480529	-9.485730450903485	f100.csv	B	x_b	132
bh3_0546	GRPVIWIAQCLRRSGDDVNAYA	4.3411778176967735	-11.076651568168701	f100.csv	B	f_b	2420
bh3_0547	GRPVIWIAQDLRRTGDLYNAYV	6.896749433527328	-10.484558902060769	f100.csv	B	f_b	539
bh3_0548	GRPVIWIAQELARAADEFIKYS	5.922175233173179	-10.710355053901404	f100.csv	B	x_b	190
bh3_0549	GRPVIWIAQELARIADEFLAYT	3.2625583275642542	-11.326553658829145	f100.csv	B	x_b	830
bh3_0550	GRPVIWIAQELARLGDEFLTYT	3.047784360729376	-11.376313990273626	f100.csv	B	x_b	183
bh3_0551	GRPVIWIAQELIRLADEFVTYC	4.933662231819149	-10.939380644430138	f100.csv	B	x_b	197
bh3_0552	GRPVIWIAQELRRNGDEFHEYT	7.101612198143667	-10.437094867111973	f100.csv	B	x_b	249
bh3_0553	GRPVIWIAQELVRAGDEFLKYY	4.249605441715828	-11.097867695277225	f100.csv	B	x_b	370
bh3_0554	GRPVIWIAQELVRYADEFDKYA	6.290359161097104	-10.625051632094648	f100.csv	B	x_b	1502
bh3_0555	GRPVIWIAQILRRLGDIINAYF	2.9510689243241983	-11.398721697512276	f100.csv	B	f_b	1716
bh3_0556	GRPVIWIAQYLRRVGDLINAYL	4.42671213025503	-11.056834381730798	f100.csv	B	f_b	386
bh3_0557	GRPVIWICQCLRRVGDIPNAYL	8.751368485541247	-10.054867817561615	f100.csv	B	f_b	264
bh3_0558	GRPVIWICQFLRRIGDIINAYF	4.9836676149002646	-10.927795048313465	f100.csv	B	f_b	1784
bh3_0559	GRPVIWICQFLRRIGDIVNAYP	4.454168720248361	-11.0504730473543	f100.csv	B	f_b	745
bh3_0560	GRPVIWICQNLRRTGDMHNAYI	8.07084275473602	-10.21253676794889	f100.csv	B	f_b	3516
bh3_0561	GRPVIWICQVLRRIGDMNNAYP	7.879699524293532	-10.256822165478004	f100.csv	B	f_b	2332
bh3_0562	GRPVIWICQYLRRIGDMANAYF	6.47639047044843	-10.581950600117668	f100.csv	B	f_b	977
bh3_0563	GRPVIWIDQCLRRIGDNINAYS	4.834691139224456	-10.962310957835955	f100.csv	B	f_b	628
bh3_0564	GRPVIWIDQFLRRLGDKLNAYF	7.553337316917522	-10.332436039213775	f100.csv	B	f_b	2636
bh3_0565	GRPVIWIDQILRRAGDNANAYV	10.434702843967658	-9.66486116618947	f100.csv	B	f_b	246
bh3_0566	GRPVIWIGQCLRRLGDIHNAYL	5.834498803530011	-10.730668540974385	f100.csv	B	f_b	181
bh3_0567	GRPVIWIGQCLRRTGDVFNAYF	4.8086800502320095	-10.968337388453085	f100.csv	B	f_b	784
bh3_0568	GRPVIWIGQVLRRRGDEFNAYI	9.657072122803976	-9.845028078393806	f100.csv	B	f_b	1098
bh3_0569	GRPVIWIGQYLRRPGDQTNAYS	9.853162583929889	-9.799596471935521	f100.csv	B	f_b	597
bh3_0570	GRPVIWISQCLRRFGDEYNAYA	6.420496767796059	-10.594900443204468	f100.csv	B	f_b	1862
bh3_0571	GRPVIWISQHLRRGGDVSNAYS	10.032707847795116	-9.757998172239873	f100.csv	B	f_b	1441
bh3_0572	GRPVIWISQYLRRFGDLLNAYF	3.36063383836757	-11.303830840062604	f100.csv	B	f_b	323
bh3_0573	GRPVIWISQYLRRGGDIINAYF	7.224461737534605	-10.408632228515767	f100.csv	B	f_b	470
bh3_0574	GRPVIWIYQFLRRGGDVANAYV	9.383885426850716	-9.908321878555855	f100.csv	B	f_b	2431
bh3_0575	GRPVIWIYQHLRRFGDQLNAYF	5.1406954151653705	-10.891413751723656	f100.csv	B	f_b	288
bh3_0576	GRPVIWIYQILRRVGDMINAYF	4.798683398265155	-10.970653482542776	f100.csv	B	f_b	1475
bh3_0577	GRPVIWIYQILRRVGDVLNAYA	6.373756601489017	-10.605729531112486	f100.csv	B	f_b	906
bh3_0578	GRPVIWLAQELARSADEFLTYP	10.376307505999266	-9.67839060560404	f100.csv	B	x_b	512
bh3_0579	GRPVIWLAQELARVADEFPEYY	9.909526552549444	-9.786537674347676	f100.csv	B	x_b	881
bh3_0580	GRPVIWLAQELIRIGDEFLKYC	4.794162819288057	-10.97170084182722	f100.csv	B	x_b	1594
bh3_0581	GRPVIWLAQELIRLGDEFLTYC	6.761356906655897	-10.515927587528166	f100.csv	B	x_b	105
bh3_0582	GRPVIWLAQELRRCADEFHKYG	8.328365203733442	-10.152872169835105	f100.csv	B	x_b	621
bh3_0583	GRPVIWLAQELTRLADEFDKYG	5.10440527566345	-10.899821704495558	f100.csv	B	x_b	419
bh3_0584	GRREAHVVQELARIGDEYNAYY	8.4692322798292	-10.120235102599068	f100.csv	B	m_b	510
bh3_0585	GRRECEIGQELGRIGDEAKAYY	3.428950680013948	-11.28800271743833	f100.csv	B	m_b	937
bh3_0586	GRRECETIQELIRIGDEINAYY	3.5033935242881458	-11.270755279774706	f100.csv	B	m_b	145
bh3_0587	GRRECHAAQELERIGDEAHAYY	9.198478471430338	-9.951278255857035	f100.csv	B	m_b	1120
bh3_0588	GRREDEISQELVRIGDEIEAYY	4.248384730371334	-11.098150518200297	f100.csv	B	m_b	529
bh3_0589	GRREDHIGQELVRIGDEINAYY	5.153076523257328	-10.888545210198883	f100.csv	B	m_b	1307
bh3_0590	GRREDHVGQELIRIGDEIKAYY	9.087255706393506	-9.977047122233003	f100.csv	B	m_b	483
bh3_0591	GRREDHVTQELERIGDENDAYY	10.481546181141127	-9.654008174935136	f100.csv	B	m_b	1491
bh3_0592	GRREFDIVQELVRIGDEADAYY	10.695140881160082	-9.604521064256124	f100.csv	B	m_b	213
bh3_0593	GRREFEIVQELRRIGDELDAYY	2.234971066606956	-11.564632246503947	f100.csv	B	m_b	311
bh3_0594	GRREFEVAQELKRIGDEVEAYY	4.141139372577863	-11.122997871109638	f100.csv	B	m_b	2027
bh3_0595	GRREFEVIQELRRIGDEVEAYY	6.7835566451328395	-10.51078419719612	f100.csv	B	m_b	1272
bh3_0596	GRREFQVGQELARIGDEIEAYY	3.964991712958483	-11.1638089901433	f100.csv	B	m_b	821
bh3_0597	GRREGDVGQELKRIGDEDEAYY	9.901505904326031	-9.78839595410047	f100.csv	B	m_b	1004
bh3_0598	GRREGDVIQELRRIGDESDAYY	10.263407438816614	-9.70454808104627	f100.csv	B	m_b	836
bh3_0599	GRREGHTIQELTRIGDEADAYY	9.283487574491287	-9.931582753620663	f100.csv	B	m_b	769
bh3_0600	GRREHDTVQELTRIGDEAEAYY	9.167650150840812	-9.958420776307808	f100.csv	B	m_b	495
bh3_0601	GRREHDVSQELARIGDESQAYY	9.5082843211501	-9.879500274602226	f100.csv	B	m_b	148
bh3_0602	GRREHHIAQELARIGDEHDAYY	4.569341143486549	-11.023789096603405	f100.csv	B	m_b	246
bh3_0603	GRREHQVIQELIRIGDEVNAYY	9.223406294159537	-9.94550280392739	f100.csv	B	m_b	289
bh3_0604	GRRELDIVQELTRIGDEIEAYY	7.749954327835855	-10.286882438025035	f100.csv	B	m_b	335
bh3_0605	GRRELHIGQELRRIGDELHAYY	3.4808159682984234	-11.275986205504726	f100.csv	B	m_b	107
bh3_0606	GRRELQVIQELGRIGDEVKAYY	9.63470047350219	-9.850211298225437	f100.csv	B	m_b	687
bh3_0607	GRRELQVVQELGRIGDELDAYY	9.590027141609966	-9.860561527512749	f100.csv	B	m_b	497
bh3_0608	GRREPHVAQELGRIGDEVEAYY	10.019695651012483	-9.761012928796575	f100.csv	B	m_b	291
bh3_0609	GRRERDIVQELIRIGDEFHAYY	11.463352472634545	-9.426536441749935	f100.csv	B	m_b	163
bh3_0610	GRRERETGQELARIGDENQAYY	9.190347620850476	-9.953162068060823	f100.csv	B	m_b	406
bh3_0611	GRRERHIAQELGRIGDEIEAYY	3.825722329416524	-11.196075892818914	f100.csv	B	m_b	311
bh3_0612	GRRERHVGQELRRIGDEYNAYY	3.7536367791808143	-11.212777176149238	f100.csv	B	m_b	109
bh3_0613	GRREYDIVQELRRIGDELDAYY	2.186023591322083	-11.575972739159738	f100.csv	B	m_b	742
bh3_0614	GRREYEVIQELIRIGDEHEAYY	9.924794816694796	-9.783000216360326	f100.csv	B	m_b	1158
bh3_0615	GRREYHAVQELRRIGDEFEAYY	8.971901935596584	-10.003773088851847	f100.csv	B	m_b	601
bh3_0616	GRREYHVVQELGRIGDEHNAYY	8.251568203581455	-10.170665034761061	f100.csv	B	m_b	305
bh3_0617	GRSECEIGQELIRIGDESNAYY	5.28423168539622	-10.85815826696333	f100.csv	B	m_b	161
bh3_0618	GRSEDDAVQELIRIGDELNAYY	9.521653157746007	-9.87640288924476	f100.csv	B	m_b	484
bh3_0619	GRSEDDTSQELIRIGDEVEAYY	9.393073956621459	-9.906193015856068	f100.csv	B	m_b	600
bh3_0620	GRSEDEVVQELRRIGDEVDAYY	4.426011027565604	-11.056996818094555	f100.csv	B	m_b	1702
bh3_0621	GRSEFEAIQELRRIGDEYNAYY	10.87540554685434	-9.562756088524353	f100.csv	B	m_b	297
bh3_0622	GRSEFHTGQELIRIGDELEAYY	10.864196831997198	-9.565353001802892	f100.csv	B	m_b	225
bh3_0623	GRSEGDIVQELKRIGDEIQAYY	8.630292400854279	-10.082919569795887	f100.csv	B	m_b	893
bh3_0624	GRSEGEIGQELTRIGDEVEAYY	8.119655429866755	-10.201227506733519	f100.csv	B	m_b	278
bh3_0625	GRSEGQVAQELVRIGDEFEAYY	10.61738593767801	-9.622535872177838	f100.csv	B	m_b	1363
bh3_0626	GRSEHETVQELGRIGDEYEAYY	10.978369017941043	-9.538900793008542	f100.csv	B	m_b	163
bh3_0627	GRSELDIGQELARIGDEYDAYY	2.844743026729444	-11.42335602346629	f100.csv	B	m_b	468
bh3_0628	GRSELDIIQELKRIGDEAQAYY	9.431789210756174	-9.897223195602287	f100.csv	B	m_b	941
bh3_0629	GRSELQTGQELRRIGDEYEAYY	9.258365467032608	-9.937403218792259	f100.csv	B	m_b	2240
bh3_0630	GRSELQTVQELRRIGDEVDAYY	8.425033709154325	-10.130475335894406	f100.csv	B	m_b	333
bh3_0631	GRSEPDIVQELRRIGDENEAYY	9.004014024862675	-9.996333135915261	f100.csv	B	m_b	911
bh3_0632	GRSERDTSQELIRIGDEINAYY	9.071607183281841	-9.980672681271319	f100.csv	B	m_b	386
bh3_0633	GRSESHIAQELGRIGDEFHAYY	9.837029499659678	-9.803334297484577	f100.csv	B	m_b	110
bh3_0634	GRSEYHAGQELTRIGDEHDAYY	10.52067065379784	-9.64494354407843	f100.csv	B	m_b	193
bh3_0635	GRSEYQIGQELIRIGDEVQAYY	7.759944152515418	-10.284567925728908	f100.csv	B	m_b	1422
bh3_0636	GRTECDAAQELIRIGDEIHAYY	4.072285162169901	-11.138950495078642	f100.csv	B	m_b	601
bh3_0637	GRTECHAVQELKRIGDEFDAYY	2.238178742356701	-11.56388906980136	f100.csv	B	m_b	117
bh3_0638	GRTECHVIQELARIGDEYNAYY	3.7030879802340717	-11.224488674645908	f100.csv	B	m_b	1333
bh3_0639	GRTECQIGQELVRIGDEDEAYY	9.998168034951622	-9.766000597116832	f100.csv	B	m_b	707
bh3_0640	GRTEDDIGQELRRIGDEVKAYY	6.500830681105922	-10.576288121555613	f100.csv	B	m_b	620
bh3_0641	GRTEDHIIQELIRIGDEVNAYY	6.699265283074341	-10.530313408188263	f100.csv	B	m_b	326
bh3_0642	GRTEDHISQELARIGDEFQAYY	8.891460023066001	-10.022410432513835	f100.csv	B	m_b	1122
bh3_0643	GRTEDQTIQELARIGDENDAYY	10.164586013514024	-9.727443718489393	f100.csv	B	m_b	291
bh3_0644	GRTEDQTSQELVRIGDEIDAYY	9.752226355394066	-9.822982081749956	f100.csv	B	m_b	2584
bh3_0645	GRTEFEIGQELGRIGDEADAYY	6.381706630383253	-10.603887612938696	f100.csv	B	m_b	277
bh3_0646	GRTEFETSQELRRIGDELHAYY	9.261969554836341	-9.936568198578627	f100.csv	B	m_b	1521
bh3_0647	GRTEGQIIQELERIGDEFDAYY	9.465364567275715	-9.889444222696955	f100.csv	B	m_b	206
bh3_0648	GRTEHQIGQELARIGDEDNAYY	10.124902891818929	-9.736637781053865	f100.csv	B	m_b	269
bh3_0649	GRTELQVAQELVRIGDEHDAYY	10.293815081758302	-9.697503026128661	f100.csv	B	m_b	367
bh3_0650	GRTERHVGQELKRIGDENDAYY	10.648869080120296	-9.61524163803052	f100.csv	B	m_b	517
bh3_0651	GRTEVDAAQELIRIGDEFNAYY	10.515093596257746	-9.646235675689024	f100.csv	B	m_b	231
bh3_0652	GRTEVDIAQELIRIGDEVEAYY	2.484183022104081	-11.5068930815194	f100.csv	B	m_b	214
bh3_0653	GRTEVQIIQELIRIGDEINAYY	5.29924905572145	-10.8546789378071	f100.csv	B	m_b	386
bh3_0654	GRTEYDVVQELIRIGDELDAYY	6.689788392662911	-10.532509080293618	f100.csv	B	m_b	649
bh3_0655	GRWEAEIAQELTRIGDEHDAYY	6.975407561872109	-10.466334837967153	f100.csv	B	m_b	992
bh3_0656	GRWEAHVIQELIRIGDEVHAYY	7.0908810518003005	-10.439581133984513	f100.csv	B	m_b	821
bh3_0657	GRWEAQISQELVRIGDEIEAYY	2.446218008665256	-11.515689080773177	f100.csv	B	m_b	501
bh3_0658	GRWEAQVVQELTRIGDEVEAYY	8.101524575455308	-10.205428189610409	f100.csv	B	m_b	1308
bh3_0659	GRWECEITQELARIGDEFNAYY	6.969085482451891	-10.467799581446098	f100.csv	B	m_b	179
bh3_0660	GRWECEVSQELGRIGDEIKAYY	6.972187260549463	-10.467080939850577	f100.csv	B	m_b	1063
bh3_0661	GRWEFDIIQELTRIGDETKAYY	9.836071376242506	-9.803556282204168	f100.csv	B	m_b	620
bh3_0662	GRWEFHIGQELTRIGDEINAYY	3.643494146920037	-11.238295789825903	f100.csv	B	m_b	4675
bh3_0663	GRWEFHVVQELTRIGDELNAYY	6.359645090047897	-10.608998984560877	f100.csv	B	m_b	162
bh3_0664	GRWEFQIIQELTRIGDEHNAYY	7.26972744138516	-10.398144754359258	f100.csv	B	m_b	339
bh3_0665	GRWEGDVAQELTRIGDENEAYY	9.606928056100436	-9.85664580569993	f100.csv	B	m_b	870
bh3_0666	GRWEGEIGQELVRIGDESQAYY	9.05000299219072	-9.985678091028968	f100.csv	B	m_b	465
bh3_0667	GRWEGQIAQELKRIGDEVQAYY	3.481055115088151	-11.275930798307586	f100.csv	B	m_b	2297
bh3_0668	GRWEHDIGQELTRIGDEVNAYY	4.879414996993144	-10.951949022360989	f100.csv	B	m_b	1783
bh3_0669	GRWEHDITQELARIGDEVDAYY	7.623464077169681	-10.316188582016329	f100.csv	B	m_b	1509
bh3_0670	GRWEHEIVQELTRIGDEIHAYY	6.480738239029117	-10.580943278751828	f100.csv	B	m_b	360
bh3_0671	GRWEHQIIQELTRIGDEVDAYY	7.024029840455183	-10.455069689152634	f100.csv	B	m_b	1901
bh3_0672	GRWELDTVQELVRIGDESNAYY	10.363068000032928	-9.68145802673871	f100.csv	B	m_b	593
bh3_0673	GRWELHIVQELGRIGDEVEAYY	7.698367373043197	-10.298834463712895	f100.csv	B	m_b	326
bh3_0674	GRWELHIVQELKRIGDELEAYY	2.4038797026714933	-11.525498314965267	f100.csv	B	m_b	1815
bh3_0675	GRWEPEVAQELRRIGDEVEAYY	2.7067993847193645	-11.455315769092062	f100.csv	B	m_b	489
bh3_0676	GRWEPHIAQELRRIGDEFHAYY	4.031844468170464	-11.14832007728133	f100.csv	B	m_b	880
bh3_0677	GRWERDAGQELKRIGDEIKAYY	10.136328241831288	-9.733990676230768	f100.csv	B	m_b	363
bh3_0678	GRWERETGQELRRIGDEIDAYY	2.382503520771095	-11.530450897962439	f100.csv	B	m_b	296
bh3_0679	GRWERHIVQELIRIGDEVNAYY	4.34471943492634	-11.075831021573647	f100.csv	B	m_b	292
bh3_0680	GRWERHVIQELTRIGDEVDAYY	8.999075046329274	-9.997477432928726	f100.csv	B	m_b	426
bh3_0681	GRWERQTVQELRRIGDEDDAYY	9.821099235561285	-9.807025132240838	f100.csv	B	m_b	743
bh3_0682	GRWESHITQELIRIGDELKAYY	9.541644432793612	-9.871771171131869	f100.csv	B	m_b	519
bh3_0683	GRWEVEVSQELVRIGDEVNAYY	5.274361571027829	-10.860445043939162	f100.csv	B	m_b	1297
bh3_0684	GRWEVQVSQELARIGDELDAYY	2.464439029151901	-11.511467507590757	f100.csv	B	m_b	1598
bh3_0685	GRWEYDAIQELVRIGDESDAYY	11.005798735264054	-9.532545684679837	f100.csv	B	m_b	160
bh3_0686	GRWEYDVAQELIRIGDETQAYY	8.549214411672391	-10.101704284135334	f100.csv	B	m_b	967
bh3_0687	GRWEYHISQELARIGDEIQAYY	3.55868725693078	-11.257944441926673	f100.csv	B	m_b	978
bh3_0688	GRWEYHVGQELGRIGDEYNAYY	4.127524483543952	-11.126152263613028	f100.csv	B	m_b	481
